Location,Name,Activity,Website
Olivet (45160),Cercle Hippique D'olivet,"Centres équestres, équitation",www.cholivet.fr
Olivet (45160),"Ecurie Franck Thermeau EI 
En savoir plus","Centres équestres, équitation",franckthermeau.site-solocal.com
Olivet (45160),"Les Ecuries de Micy 
En savoir plus","Centres équestres, équitation",www.lesecuriesdemicy.ffe.com
Olivet (45160),SOCIÉTÉ ÉQUESTRE D'OLIVET,"Centres équestres, équitation",sem-45.ffe.com
Olivet (45160),Haras Du Val De Loire,"Centres équestres, équitation",harasduvaldeloire.fr
Olivet (45160),Les Cavaliers De Noras,"Centres équestres, équitation",No site available
Olivet (45160),Sologn'Horse-Ball,"Centres équestres, équitation",No site available
Olivet (45160),Comite D'Organisation De Concours Hippiques Didier Fromentin,"Centres équestres, équitation",No site available
Olivet (45160),Societe Hippique De Fleury,"Centres équestres, équitation",No site available
Olivet (45160),Coach,"Centres équestres, équitation",No site available
